{"stats":{"minecraft:dropped":{"minecraft:porkchop":4},"minecraft:killed":{"minecraft:sheep":1,"minecraft:zombie":1,"minecraft:pig":1,"minecraft:cow":2},"minecraft:picked_up":{"minecraft:stick":5,"minecraft:leather":4,"minecraft:porkchop":5,"minecraft:golden_sword":8,"minecraft:cornflower":1,"minecraft:rotten_flesh":5,"minecraft:apple":1,"minecraft:gold_nugget":6,"minecraft:beef":4,"minecraft:oak_sapling":5,"minecraft:mutton":1,"minecraft:white_wool":2},"minecraft:killed_by":{"minecraft:skeleton":1},"minecraft:custom":{"minecraft:time_since_rest":23113,"minecraft:inspect_dropper":1,"minecraft:sprint_one_cm":90626,"minecraft:damage_taken":795,"minecraft:walk_one_cm":38568,"minecraft:mob_kills":5,"minecraft:drop":4,"minecraft:inspect_hopper":13,"minecraft:damage_dealt":575,"minecraft:talked_to_villager":2,"minecraft:fly_one_cm":200047,"minecraft:open_chest":28,"minecraft:crouch_one_cm":1599,"minecraft:play_time":27636,"minecraft:deaths":2,"minecraft:sneak_time":629,"minecraft:walk_under_water_one_cm":1968,"minecraft:jump":1068,"minecraft:eat_cake_slice":12,"minecraft:leave_game":1,"minecraft:time_since_death":23085,"minecraft:walk_on_water_one_cm":64,"minecraft:climb_one_cm":23610,"minecraft:total_world_time":27636,"minecraft:fall_one_cm":40136},"minecraft:mined":{"minecraft:cornflower":1,"minecraft:grass":3,"minecraft:white_wool":1,"minecraft:oak_leaves":1},"minecraft:used":{"minecraft:apple":1,"minecraft:white_wool":1,"minecraft:mutton":1,"minecraft:beef":4,"minecraft:porkchop":1,"minecraft:cake":4}},"DataVersion":3465}