{"stats":{"minecraft:broken":{"minecraft:iron_axe":2},"minecraft:killed_by":{"minecraft:cave_spider":1,"minecraft:skeleton":2,"minecraft:zombie":1},"minecraft:used":{"minecraft:baked_potato":19,"minecraft:diamond_axe":3,"minecraft:netherrack":218,"minecraft:white_wool":2,"minecraft:torch":1,"minecraft:dirt":28,"minecraft:mutton":7,"minecraft:crafting_table":1,"minecraft:snowball":4,"minecraft:oak_log":2,"minecraft:wooden_axe":24,"minecraft:diamond_pickaxe":3136,"minecraft:black_wool":1,"minecraft:chicken":1,"minecraft:bread":20,"minecraft:iron_axe":858,"minecraft:iron_pickaxe":111,"minecraft:jungle_log":10,"minecraft:diamond_sword":18,"minecraft:golden_sword":5,"minecraft:cobblestone":18,"minecraft:beef":2,"minecraft:yellow_bed":2},"minecraft:crafted":{"minecraft:oak_planks":8,"minecraft:emerald":32,"minecraft:crafting_table":1,"minecraft:iron_helmet":1,"minecraft:jungle_planks":2288,"minecraft:diamond_helmet":1,"minecraft:iron_boots":1,"minecraft:iron_chestplate":1,"minecraft:iron_axe":5,"minecraft:stick":3224,"minecraft:iron_pickaxe":4,"minecraft:wooden_axe":1,"minecraft:diamond_boots":1,"minecraft:iron_leggings":1,"minecraft:netherite_scrap":39,"minecraft:lapis_lazuli":24},"minecraft:mined":{"minecraft:nether_gold_ore":26,"minecraft:blackstone":74,"minecraft:jungle_leaves":90,"minecraft:crafting_table":1,"minecraft:torch":1,"minecraft:grass_block":13,"minecraft:jungle_log":680,"minecraft:dead_bush":64,"minecraft:nether_quartz_ore":8,"minecraft:tall_grass":1,"minecraft:wall_torch":1,"minecraft:magma_block":6,"minecraft:birch_log":5,"minecraft:iron_ore":5,"minecraft:birch_leaves":3,"minecraft:yellow_bed":2,"minecraft:grass":28,"minecraft:oak_log":61,"minecraft:coal_ore":28,"minecraft:vine":24,"minecraft:gravel":26,"minecraft:dirt":32,"minecraft:stone":75,"minecraft:netherrack":2958,"minecraft:ancient_debris":40,"minecraft:oak_leaves":20},"minecraft:custom":{"minecraft:interact_with_furnace":3,"minecraft:mob_kills":2127,"minecraft:traded_with_villager":58,"minecraft:interact_with_crafting_table":15,"minecraft:interact_with_grindstone":7,"minecraft:leave_game":10,"minecraft:time_since_death":193043,"minecraft:sleep_in_bed":9,"minecraft:climb_one_cm":100506,"minecraft:time_since_rest":7440,"minecraft:sprint_one_cm":433256,"minecraft:damage_taken":5549,"minecraft:walk_one_cm":440969,"minecraft:drop":26,"minecraft:damage_dealt":1040,"minecraft:swim_one_cm":5529,"minecraft:talked_to_villager":81,"minecraft:fly_one_cm":478084,"minecraft:open_chest":112,"minecraft:crouch_one_cm":2343,"minecraft:play_time":204564,"minecraft:sneak_time":4385,"minecraft:deaths":9,"minecraft:walk_under_water_one_cm":50061,"minecraft:jump":2963,"minecraft:interact_with_blast_furnace":1,"minecraft:walk_on_water_one_cm":3462,"minecraft:enchant_item":6,"minecraft:total_world_time":204564,"minecraft:interact_with_smoker":3,"minecraft:fall_one_cm":91443},"minecraft:picked_up":{"minecraft:wooden_axe":2,"minecraft:birch_log":5,"minecraft:crafting_table":3,"minecraft:chicken":1,"minecraft:jungle_log":678,"minecraft:brown_mushroom":1,"minecraft:diamond_sword":1,"minecraft:pink_wool":1,"minecraft:flint":25,"minecraft:oak_log":61,"minecraft:ancient_debris":39,"minecraft:yellow_bed":2,"minecraft:golden_sword":9,"minecraft:dirt":45,"minecraft:cooked_mutton":1,"minecraft:iron_leggings":1,"minecraft:bone":2,"minecraft:wheat_seeds":1,"minecraft:diamond_leggings":1,"minecraft:gold_nugget":244,"minecraft:beef":2,"minecraft:jungle_sapling":56,"minecraft:light_gray_wool":1,"minecraft:oak_planks":2,"minecraft:stick":112,"minecraft:raw_iron":5,"minecraft:cooked_porkchop":13,"minecraft:gravel":1,"minecraft:torch":4,"minecraft:quartz":14,"minecraft:arrow":4,"minecraft:rotten_flesh":15,"minecraft:diamond_chestplate":1,"minecraft:iron_helmet":1,"minecraft:diamond_axe":2,"minecraft:oak_sapling":2,"minecraft:netherrack":1303,"minecraft:black_wool":1,"minecraft:mutton":7,"minecraft:coal":28,"minecraft:white_wool":3,"minecraft:cobblestone":75,"minecraft:diamond_pickaxe":3},"minecraft:dropped":{"minecraft:bread":69,"minecraft:diamond_axe":1,"minecraft:baked_potato":15,"minecraft:crafting_table":1,"minecraft:iron_helmet":1,"minecraft:oak_planks":1,"minecraft:iron_boots":1,"minecraft:emerald":6,"minecraft:dirt":6,"minecraft:torch":1,"minecraft:iron_chestplate":1,"minecraft:wooden_axe":1,"minecraft:oak_sapling":2,"minecraft:iron_leggings":1,"minecraft:jungle_sapling":56,"minecraft:netherrack":64,"minecraft:birch_log":5},"minecraft:killed":{"minecraft:pig":3,"minecraft:sheep":5,"minecraft:skeleton":1,"minecraft:chicken":1,"minecraft:cow":1}},"DataVersion":3465}