{"stats":{"minecraft:used":{"minecraft:wooden_axe":24,"minecraft:crafting_table":1},"minecraft:crafted":{"minecraft:oak_planks":8,"minecraft:crafting_table":1,"minecraft:wooden_axe":1},"minecraft:mined":{"minecraft:oak_log":20,"minecraft:dead_bush":55,"minecraft:oak_leaves":5,"minecraft:crafting_table":1},"minecraft:custom":{"minecraft:time_since_rest":6576,"minecraft:play_time":6576,"minecraft:sprint_one_cm":18113,"minecraft:damage_taken":10,"minecraft:walk_one_cm":13572,"minecraft:sneak_time":7,"minecraft:jump":89,"minecraft:damage_dealt":10,"minecraft:leave_game":1,"minecraft:time_since_death":6576,"minecraft:total_world_time":6576,"minecraft:fall_one_cm":2299,"minecraft:interact_with_crafting_table":1,"minecraft:fly_one_cm":16184},"minecraft:picked_up":{"minecraft:stick":40,"minecraft:crafting_table":1,"minecraft:oak_log":20}},"DataVersion":3465}