{"stats":{"minecraft:killed":{"minecraft:pig":1,"minecraft:spider":1,"minecraft:zombie":1},"minecraft:used":{"minecraft:glass_bottle":12,"minecraft:baked_potato":29,"minecraft:jungle_fence":3,"minecraft:brown_mushroom":2,"minecraft:diamond_axe":58,"minecraft:rotten_flesh":1,"minecraft:dirt":18,"minecraft:crafting_table":2,"minecraft:red_mushroom":1,"minecraft:white_bed":1,"minecraft:snowball":10,"minecraft:cake":3,"minecraft:jungle_sapling":6,"minecraft:black_wool":1,"minecraft:diamond_shovel":9,"minecraft:bookshelf":1,"minecraft:iron_pickaxe":18,"minecraft:pink_wool":1,"minecraft:cobblestone":4,"minecraft:golden_carrot":3,"minecraft:scaffolding":12,"minecraft:oak_sapling":1,"minecraft:porkchop":5,"minecraft:splash_potion":10,"minecraft:bone_meal":8},"minecraft:custom":{"minecraft:interact_with_furnace":1,"minecraft:inspect_dropper":7,"minecraft:interact_with_anvil":3,"minecraft:mob_kills":3311,"minecraft:inspect_hopper":18,"minecraft:traded_with_villager":225,"minecraft:interact_with_crafting_table":15,"minecraft:eat_cake_slice":17,"minecraft:interact_with_grindstone":5,"minecraft:leave_game":4,"minecraft:time_since_death":125599,"minecraft:sleep_in_bed":7,"minecraft:climb_one_cm":82881,"minecraft:time_since_rest":297,"minecraft:sprint_one_cm":332909,"minecraft:damage_taken":2694,"minecraft:walk_one_cm":405796,"minecraft:drop":39,"minecraft:damage_dealt":479,"minecraft:swim_one_cm":50570,"minecraft:talked_to_villager":135,"minecraft:fly_one_cm":712482,"minecraft:open_chest":269,"minecraft:crouch_one_cm":3980,"minecraft:play_time":162614,"minecraft:deaths":3,"minecraft:sneak_time":3641,"minecraft:walk_under_water_one_cm":88024,"minecraft:jump":3022,"minecraft:interact_with_brewingstand":18,"minecraft:walk_on_water_one_cm":4413,"minecraft:enchant_item":2,"minecraft:interact_with_smoker":1,"minecraft:total_world_time":162614,"minecraft:fall_one_cm":83720},"minecraft:crafted":{"minecraft:golden_carrot":36,"minecraft:sugar":44,"minecraft:redstone":9,"minecraft:diamond_sword":2,"minecraft:emerald":196,"minecraft:diamond_axe":2,"minecraft:blaze_powder":4,"minecraft:gold_block":9,"minecraft:bone_meal":129,"minecraft:birch_planks":20,"minecraft:bookshelf":1,"minecraft:enchanted_book":2,"minecraft:air":0,"minecraft:diamond_helmet":1,"minecraft:diamond_leggings":2,"minecraft:diamond_pickaxe":4,"minecraft:golden_apple":41,"minecraft:stick":40,"minecraft:fermented_spider_eye":25,"minecraft:diamond_boots":1,"minecraft:gold_ingot":202,"minecraft:white_bed":1,"minecraft:lapis_lazuli":9,"minecraft:diamond_chestplate":2},"minecraft:mined":{"minecraft:scaffolding":1,"minecraft:crafting_table":2,"minecraft:dead_bush":4,"minecraft:mushroom_stem":9,"minecraft:brown_mushroom_block":45,"minecraft:tall_grass":1,"minecraft:cobblestone":12,"minecraft:sugar_cane":22,"minecraft:black_wool":1,"minecraft:grass":17,"minecraft:bookshelf":1,"minecraft:dirt":9,"minecraft:red_mushroom_block":45,"minecraft:stone":6,"minecraft:oak_leaves":1,"minecraft:fern":1},"minecraft:killed_by":{"minecraft:skeleton":1},"minecraft:picked_up":{"minecraft:birch_log":5,"minecraft:crafting_table":2,"minecraft:iron_chestplate":1,"minecraft:jungle_log":32,"minecraft:brown_mushroom":20,"minecraft:red_mushroom":13,"minecraft:golden_sword":23,"minecraft:dirt":9,"minecraft:wheat_seeds":3,"minecraft:gold_nugget":10,"minecraft:jungle_sapling":34,"minecraft:sugar_cane":44,"minecraft:iron_boots":1,"minecraft:book":3,"minecraft:scaffolding":14,"minecraft:stick":15,"minecraft:porkchop":5,"minecraft:rotten_flesh":4,"minecraft:emerald":6,"minecraft:gold_ingot":321,"minecraft:baked_potato":76,"minecraft:oak_sapling":2,"minecraft:black_wool":2,"minecraft:snowball":15,"minecraft:cobblestone":13},"minecraft:dropped":{"minecraft:wheat_seeds":3,"minecraft:diamond_axe":1,"minecraft:diamond_leggings":1,"minecraft:rotten_flesh":3,"minecraft:iron_boots":1,"minecraft:diamond_sword":1,"minecraft:diamond_chestplate":1,"minecraft:diamond_pickaxe":3,"minecraft:iron_chestplate":1,"minecraft:oak_sapling":1,"minecraft:golden_sword":17,"minecraft:iron_pickaxe":1,"minecraft:gold_ingot":320}},"DataVersion":3465}