{"stats":{"minecraft:mined":{"minecraft:dead_bush":4},"minecraft:custom":{"minecraft:jump":114,"minecraft:time_since_rest":7110,"minecraft:damage_dealt":10,"minecraft:crouch_one_cm":327,"minecraft:leave_game":2,"minecraft:play_time":7110,"minecraft:sprint_one_cm":11282,"minecraft:damage_taken":30,"minecraft:time_since_death":7110,"minecraft:walk_one_cm":9614,"minecraft:sneak_time":148,"minecraft:total_world_time":7110,"minecraft:fall_one_cm":4584,"minecraft:fly_one_cm":23529},"minecraft:picked_up":{"minecraft:stick":5}},"DataVersion":3465}