{"stats":{"minecraft:killed":{"minecraft:cave_spider":5,"minecraft:spider":26,"minecraft:skeleton":67,"minecraft:chicken":3,"minecraft:magma_cube":39,"minecraft:piglin":26,"minecraft:pig":13,"minecraft:zombie_villager":1,"minecraft:creeper":33,"minecraft:pillager":2,"minecraft:zombie":85,"minecraft:ghast":2,"minecraft:blaze":44,"minecraft:cow":8,"minecraft:drowned":8,"minecraft:snow_golem":4,"minecraft:wither_skeleton":33,"minecraft:enderman":1},"minecraft:mined":{"minecraft:white_bed":10,"minecraft:jungle_leaves":163,"minecraft:brewing_stand":4,"minecraft:obsidian":35,"minecraft:carved_pumpkin":6,"minecraft:granite":80,"minecraft:stone_brick_wall":5,"minecraft:grass_block":257,"minecraft:jungle_log":2133,"minecraft:soul_soil":55,"minecraft:hopper":21,"minecraft:oxeye_daisy":3,"minecraft:nether_wart":32,"minecraft:smooth_stone":1,"minecraft:tall_seagrass":1,"minecraft:magma_block":6519,"minecraft:glowstone":2,"minecraft:iron_ore":178,"minecraft:sticky_piston":3,"minecraft:fire":96,"minecraft:cobbled_deepslate":1,"minecraft:pumpkin":17,"minecraft:anvil":1,"minecraft:deepslate_lapis_ore":3,"minecraft:fletching_table":5,"minecraft:azure_bluet":3,"minecraft:water_cauldron":4,"minecraft:dirt_path":30,"minecraft:iron_block":4,"minecraft:tripwire":5,"minecraft:jungle_trapdoor":9,"minecraft:deepslate_redstone_ore":53,"minecraft:brown_mushroom":12,"minecraft:kelp_plant":8,"minecraft:crimson_nylium":8,"minecraft:smoker":7,"minecraft:soul_fire":3,"minecraft:orange_terracotta":2,"minecraft:powder_snow":29,"minecraft:torch":22,"minecraft:light_gray_terracotta":2,"minecraft:blast_furnace":4,"minecraft:melon":21,"minecraft:chest":20,"minecraft:dead_bush":10,"minecraft:glass":75,"minecraft:nether_quartz_ore":177,"minecraft:cobblestone":255,"minecraft:sugar_cane":99,"minecraft:wall_torch":20,"minecraft:seagrass":1,"minecraft:white_terracotta":1,"minecraft:repeater":1,"minecraft:wheat":200,"minecraft:stone_brick_stairs":1,"minecraft:grass":263,"minecraft:oak_log":35,"minecraft:beetroots":3,"minecraft:oak_fence_gate":3,"minecraft:sand":3935,"minecraft:dirt":356,"minecraft:dispenser":2,"minecraft:ancient_debris":1,"minecraft:stonecutter":3,"minecraft:netherrack":5375,"minecraft:piston":11,"minecraft:oak_leaves":45,"minecraft:deepslate":148,"minecraft:suspicious_gravel":3,"minecraft:nether_gold_ore":5,"minecraft:crying_obsidian":4,"minecraft:mossy_cobblestone":3,"minecraft:deepslate_diamond_ore":3,"minecraft:nether_bricks":3,"minecraft:lever":4,"minecraft:ladder":20,"minecraft:jungle_planks":12,"minecraft:redstone_wire":4,"minecraft:kelp":5,"minecraft:red_mushroom":1,"minecraft:sandstone":1,"minecraft:hay_block":10,"minecraft:redstone_ore":12,"minecraft:furnace":11,"minecraft:carrots":1,"minecraft:jungle_sapling":6,"minecraft:snow":114,"minecraft:suspicious_sand":1,"minecraft:andesite":61,"minecraft:gold_block":2,"minecraft:bell":1,"minecraft:bookshelf":10,"minecraft:potatoes":253,"minecraft:cobblestone_slab":26,"minecraft:deepslate_iron_ore":21,"minecraft:vine":56,"minecraft:rail":5,"minecraft:bamboo_sapling":1,"minecraft:bamboo":49,"minecraft:stone":2105,"minecraft:bone_block":10,"minecraft:oak_slab":1,"minecraft:scaffolding":151,"minecraft:redstone_block":4,"minecraft:glass_pane":4,"minecraft:soul_sand":126,"minecraft:snow_block":72,"minecraft:basalt":9,"minecraft:stone_brick_slab":13,"minecraft:dandelion":13,"minecraft:polished_granite":4,"minecraft:oak_fence":2,"minecraft:crafting_table":37,"minecraft:cornflower":3,"minecraft:emerald_ore":2,"minecraft:dropper":3,"minecraft:lectern":323,"minecraft:copper_ore":12,"minecraft:tall_grass":23,"minecraft:deepslate_coal_ore":2,"minecraft:lapis_ore":8,"minecraft:deepslate_gold_ore":8,"minecraft:diorite":3,"minecraft:jungle_fence":127,"minecraft:coal_ore":258,"minecraft:gravel":133,"minecraft:brown_terracotta":5,"minecraft:cobweb":50,"minecraft:terracotta":11,"minecraft:stone_bricks":60,"minecraft:mossy_stone_bricks":1,"minecraft:gold_ore":92,"minecraft:chipped_anvil":1,"minecraft:jungle_wall_sign":1,"minecraft:fern":2},"minecraft:dropped":{"minecraft:iron_sword":1,"minecraft:cooked_beef":14,"minecraft:crafting_table":4,"minecraft:jungle_fence":1,"minecraft:cookie":112,"minecraft:jungle_planks":5,"minecraft:emerald":9,"minecraft:flint":4,"minecraft:dirt":50,"minecraft:crimson_roots":1,"minecraft:jungle_sapling":1,"minecraft:jungle_sign":2,"minecraft:gravel":31,"minecraft:stone_axe":1,"minecraft:sugar_cane":2,"minecraft:iron_nugget":4,"minecraft:golden_chestplate":1,"minecraft:wheat":13,"minecraft:rotten_flesh":183,"minecraft:jungle_trapdoor":2,"minecraft:azure_bluet":1,"minecraft:chainmail_chestplate":14,"minecraft:poppy":394,"minecraft:leather_chestplate":1,"minecraft:gunpowder":2,"minecraft:leather_boots":1,"minecraft:chainmail_boots":13,"minecraft:ladder":9,"minecraft:leather_leggings":1,"minecraft:arrow":22,"minecraft:glass":2,"minecraft:netherrack":857,"minecraft:stone_hoe":13,"minecraft:iron_ingot":6,"minecraft:oak_slab":1,"minecraft:wheat_seeds":19,"minecraft:golden_helmet":1,"minecraft:diamond_leggings":2,"minecraft:iron_helmet":13,"minecraft:cobblestone":98,"minecraft:book":3,"minecraft:granite":46,"minecraft:stick":10,"minecraft:oxeye_daisy":3,"minecraft:torch":27,"minecraft:diamond_helmet":2,"minecraft:iron_leggings":1,"minecraft:iron_axe":12,"minecraft:jungle_boat":9,"minecraft:iron_shovel":2,"minecraft:paper":5,"minecraft:redstone":7,"minecraft:dandelion":7,"minecraft:nether_wart":1,"minecraft:stone_sword":3,"minecraft:raw_copper":12,"minecraft:light_gray_wool":29,"minecraft:iron_boots":1,"minecraft:iron_hoe":1,"minecraft:stone_slab":5,"minecraft:cobblestone_slab":122,"minecraft:stone":1,"minecraft:shield":2,"minecraft:diamond_chestplate":2,"minecraft:iron_chestplate":1,"minecraft:andesite":41,"minecraft:golden_leggings":1,"minecraft:golden_sword":71,"minecraft:spider_eye":4,"minecraft:diamond_boots":2,"minecraft:bow":5,"minecraft:stone_pickaxe":3,"minecraft:raw_gold":3},"minecraft:killed_by":{"minecraft:creeper":1,"minecraft:zombie":1,"minecraft:skeleton":3},"minecraft:custom":{"minecraft:animals_bred":73,"minecraft:interact_with_crafting_table":308,"minecraft:bell_ring":1,"minecraft:leave_game":27,"minecraft:time_since_death":166524,"minecraft:sprint_one_cm":3208706,"minecraft:damage_blocked_by_shield":8955,"minecraft:drop":350,"minecraft:talked_to_villager":1096,"minecraft:play_time":2346671,"minecraft:deaths":14,"minecraft:jump":29735,"minecraft:interact_with_brewingstand":28,"minecraft:walk_on_water_one_cm":146938,"minecraft:enchant_item":19,"minecraft:interact_with_furnace":411,"minecraft:traded_with_villager":1405,"minecraft:sleep_in_bed":69,"minecraft:damage_dealt":70056,"minecraft:crouch_one_cm":1094485,"minecraft:interact_with_smoker":48,"minecraft:inspect_dispenser":3,"minecraft:interact_with_smithing_table":1,"minecraft:inspect_dropper":13,"minecraft:interact_with_anvil":30,"minecraft:mob_kills":17583,"minecraft:inspect_hopper":143,"minecraft:climb_one_cm":996494,"minecraft:walk_one_cm":5591257,"minecraft:sneak_time":310636,"minecraft:walk_under_water_one_cm":543936,"minecraft:boat_one_cm":1832565,"minecraft:interact_with_blast_furnace":45,"minecraft:total_world_time":2426381,"minecraft:interact_with_grindstone":22,"minecraft:interact_with_stonecutter":1,"minecraft:time_since_rest":427,"minecraft:damage_taken":24452,"minecraft:swim_one_cm":94412,"minecraft:fly_one_cm":4829850,"minecraft:open_chest":1526,"minecraft:fall_one_cm":615528},"minecraft:broken":{"minecraft:iron_shovel":2,"minecraft:diamond_helmet":2,"minecraft:stone_pickaxe":2,"minecraft:stone_axe":1,"minecraft:iron_sword":1,"minecraft:bow":1,"minecraft:shield":1,"minecraft:iron_axe":6,"minecraft:iron_pickaxe":14},"minecraft:used":{"minecraft:beetroot":3,"minecraft:iron_shovel":851,"minecraft:ladder":185,"minecraft:shield":165,"minecraft:chest":83,"minecraft:iron_sword":435,"minecraft:stone":68,"minecraft:nether_wart":65,"minecraft:bell":1,"minecraft:rotten_flesh":8,"minecraft:iron_chestplate":1,"minecraft:soul_sand":62,"minecraft:jungle_planks":15,"minecraft:carrot":3,"minecraft:jungle_slab":6,"minecraft:snowball":14,"minecraft:azure_bluet":2,"minecraft:obsidian":27,"minecraft:milk_bucket":3,"minecraft:glass":3475,"minecraft:jungle_sapling":137,"minecraft:lava_bucket":57,"minecraft:jungle_fence_gate":4,"minecraft:iron_helmet":2,"minecraft:hopper_minecart":4,"minecraft:stone_brick_stairs":13,"minecraft:stone_bricks":236,"minecraft:repeater":9,"minecraft:magma_block":5768,"minecraft:snow":60,"minecraft:bow":1,"minecraft:scaffolding":404,"minecraft:oak_sapling":8,"minecraft:furnace":35,"minecraft:beetroot_seeds":8,"minecraft:potato":295,"minecraft:diorite":7,"minecraft:diamond_boots":3,"minecraft:dropper":4,"minecraft:oak_planks":10,"minecraft:stone_pickaxe":595,"minecraft:jungle_fence":749,"minecraft:ender_pearl":5,"minecraft:redstone_block":4,"minecraft:wooden_pickaxe":21,"minecraft:composter":1,"minecraft:sugar_cane":61,"minecraft:diamond_axe":1382,"minecraft:jungle_boat":56,"minecraft:cookie":41,"minecraft:sand":27,"minecraft:blast_furnace":5,"minecraft:light_gray_terracotta":2,"minecraft:stone_brick_wall":72,"minecraft:shears":6,"minecraft:redstone_torch":7,"minecraft:lever":24,"minecraft:crying_obsidian":4,"minecraft:melon_slice":89,"minecraft:bread":48,"minecraft:lectern":327,"minecraft:gravel":45,"minecraft:jungle_sign":17,"minecraft:diamond_sword":684,"minecraft:grindstone":1,"minecraft:smithing_table":1,"minecraft:andesite":25,"minecraft:smooth_stone_slab":4,"minecraft:oak_boat":1,"minecraft:bone_meal":201,"minecraft:experience_bottle":13,"minecraft:oak_fence":2,"minecraft:enchanting_table":1,"minecraft:flint_and_steel":7,"minecraft:carved_pumpkin":6,"minecraft:redstone":55,"minecraft:stone_hoe":65,"minecraft:cooked_chicken":3,"minecraft:netherrack":4215,"minecraft:torch":567,"minecraft:brewing_stand":5,"minecraft:dirt":548,"minecraft:anvil":3,"minecraft:white_carpet":4,"minecraft:hopper":79,"minecraft:diamond_helmet":1,"minecraft:jungle_trapdoor":53,"minecraft:granite":32,"minecraft:oak_fence_gate":5,"minecraft:iron_hoe":313,"minecraft:brown_terracotta":5,"minecraft:stone_brick_slab":58,"minecraft:wooden_axe":29,"minecraft:chipped_anvil":1,"minecraft:bookshelf":30,"minecraft:iron_block":4,"minecraft:iron_axe":1595,"minecraft:jungle_log":38,"minecraft:bamboo":97,"minecraft:diamond_chestplate":1,"minecraft:glowstone":2,"minecraft:golden_carrot":158,"minecraft:minecart":100,"minecraft:cooked_beef":5,"minecraft:cobbled_deepslate":26,"minecraft:pumpkin":12,"minecraft:orange_terracotta":1,"minecraft:iron_leggings":1,"minecraft:wheat_seeds":428,"minecraft:water_bucket":121,"minecraft:snow_block":13,"minecraft:glass_bottle":15,"minecraft:baked_potato":80,"minecraft:fletching_table":9,"minecraft:stonecutter":2,"minecraft:cobblestone_slab":375,"minecraft:mossy_cobblestone":1,"minecraft:rail":9,"minecraft:comparator":8,"minecraft:tnt":10,"minecraft:crafting_table":41,"minecraft:oak_slab":1,"minecraft:white_bed":14,"minecraft:smoker":8,"minecraft:oak_log":4,"minecraft:piston":28,"minecraft:cornflower":2,"minecraft:diamond_pickaxe":11672,"minecraft:diamond_shovel":4100,"minecraft:iron_pickaxe":3509,"minecraft:stone_axe":90,"minecraft:cobblestone":787,"minecraft:cooked_porkchop":24,"minecraft:bucket":252,"minecraft:glass_pane":4,"minecraft:dandelion":6,"minecraft:diamond_leggings":2,"minecraft:kelp":68,"minecraft:splash_potion":11,"minecraft:smooth_stone":5},"minecraft:picked_up":{"minecraft:wooden_axe":1,"minecraft:iron_chestplate":3,"minecraft:wheat":225,"minecraft:redstone_block":6,"minecraft:chainmail_boots":1,"minecraft:anvil":2,"minecraft:diamond_sword":4,"minecraft:potion":2,"minecraft:stone_brick_stairs":93,"minecraft:brewing_stand":4,"minecraft:golden_sword":90,"minecraft:string":114,"minecraft:soul_soil":54,"minecraft:raw_copper":52,"minecraft:smooth_stone_slab":116,"minecraft:iron_leggings":3,"minecraft:sticky_piston":6,"minecraft:beetroot":3,"minecraft:diamond_leggings":8,"minecraft:smooth_stone":554,"minecraft:gold_nugget":212,"minecraft:cobbled_deepslate":135,"minecraft:comparator":11,"minecraft:bucket":4,"minecraft:redstone_torch":1,"minecraft:cobblestone_slab":36,"minecraft:iron_pickaxe":4,"minecraft:melon_slice":108,"minecraft:iron_boots":3,"minecraft:furnace":14,"minecraft:golden_helmet":1,"minecraft:stick":186,"minecraft:brown_terracotta":5,"minecraft:oak_fence":2,"minecraft:torch":334,"minecraft:porkchop":24,"minecraft:diorite":7,"minecraft:golden_chestplate":1,"minecraft:cauldron":4,"minecraft:stone_sword":3,"minecraft:rotten_flesh":294,"minecraft:iron_block":4,"minecraft:carved_pumpkin":9,"minecraft:glowstone":2,"minecraft:blaze_rod":81,"minecraft:obsidian":35,"minecraft:magma_cream":21,"minecraft:snowball":423,"minecraft:cobblestone":1744,"minecraft:magma_block":11815,"minecraft:leather_chestplate":1,"minecraft:feather":2,"minecraft:cooked_beef":7,"minecraft:repeater":35,"minecraft:jungle_log":2493,"minecraft:water_bucket":1,"minecraft:andesite":66,"minecraft:golden_leggings":1,"minecraft:smoker":7,"minecraft:potato":936,"minecraft:flint":14,"minecraft:wither_skeleton_skull":3,"minecraft:lapis_lazuli":63,"minecraft:dirt":779,"minecraft:polished_granite":4,"minecraft:name_tag":1,"minecraft:leather_boots":1,"minecraft:glass":4219,"minecraft:bone":195,"minecraft:chipped_anvil":1,"minecraft:bow":8,"minecraft:stonecutter":3,"minecraft:wheat_seeds":576,"minecraft:raw_gold":100,"minecraft:bell":1,"minecraft:mossy_stone_bricks":1,"minecraft:fletching_table":7,"minecraft:diamond_helmet":9,"minecraft:bamboo":453,"minecraft:oak_planks":73,"minecraft:cooked_porkchop":13,"minecraft:poisonous_potato":7,"minecraft:dropper":3,"minecraft:sand":3910,"minecraft:jungle_planks":67,"minecraft:grass_block":1,"minecraft:mossy_cobblestone":2,"minecraft:iron_hoe":1,"minecraft:light_gray_terracotta":2,"minecraft:dispenser":4,"minecraft:diamond":4,"minecraft:lever":10,"minecraft:crossbow":1,"minecraft:granite":92,"minecraft:golden_apple":2,"minecraft:emerald":135,"minecraft:oak_sapling":8,"minecraft:netherrack":5857,"minecraft:crimson_roots":1,"minecraft:diamond_pickaxe":12,"minecraft:crafting_table":44,"minecraft:chicken":4,"minecraft:azure_bluet":3,"minecraft:ladder":942,"minecraft:nether_wart":79,"minecraft:leather_leggings":1,"minecraft:brown_mushroom":12,"minecraft:wooden_pickaxe":1,"minecraft:stone_brick_wall":361,"minecraft:gold_block":2,"minecraft:shield":3,"minecraft:cornflower":2,"minecraft:jungle_trapdoor":120,"minecraft:iron_axe":4,"minecraft:flint_and_steel":1,"minecraft:snow":200,"minecraft:white_carpet":97,"minecraft:iron_shovel":4,"minecraft:beef":12,"minecraft:jungle_sapling":138,"minecraft:poppy":45,"minecraft:light_gray_wool":75,"minecraft:lectern":323,"minecraft:sugar_cane":182,"minecraft:chest":138,"minecraft:piston":32,"minecraft:egg":1,"minecraft:raw_iron":233,"minecraft:stone":1031,"minecraft:copper_ingot":2,"minecraft:cookie":111,"minecraft:carrot":4,"minecraft:redstone":454,"minecraft:jungle_sign":1,"minecraft:arrow":115,"minecraft:diamond_chestplate":8,"minecraft:beetroot_seeds":8,"minecraft:nether_bricks":3,"minecraft:diamond_boots":9,"minecraft:hay_block":19,"minecraft:gold_ingot":46,"minecraft:bone_block":10,"minecraft:rail":65,"minecraft:white_wool":87,"minecraft:oxeye_daisy":3,"minecraft:jungle_boat":53,"minecraft:basalt":8,"minecraft:golden_carrot":444,"minecraft:leather":12,"minecraft:jungle_fence":125,"minecraft:red_mushroom":1,"minecraft:oak_log":36,"minecraft:chainmail_chestplate":2,"minecraft:ancient_debris":1,"minecraft:gunpowder":80,"minecraft:orange_terracotta":1,"minecraft:apple":3,"minecraft:stone_bricks":173,"minecraft:kelp":99,"minecraft:wild_armor_trim_smithing_template":2,"minecraft:iron_ingot":439,"minecraft:oak_fence_gate":3,"minecraft:iron_sword":2,"minecraft:soul_sand":124,"minecraft:book":35,"minecraft:scaffolding":466,"minecraft:oak_slab":1,"minecraft:pumpkin":17,"minecraft:stone_brick_slab":15,"minecraft:quartz":255,"minecraft:dandelion":13,"minecraft:gravel":117,"minecraft:lava_bucket":1,"minecraft:blast_furnace":4,"minecraft:white_bed":10,"minecraft:crying_obsidian":4,"minecraft:spider_eye":42,"minecraft:diamond_shovel":1,"minecraft:pumpkin_seeds":24,"minecraft:stone_axe":1,"minecraft:iron_helmet":4,"minecraft:diamond_axe":7,"minecraft:baked_potato":170,"minecraft:coal":585,"minecraft:hopper":72,"minecraft:ender_pearl":49},"minecraft:crafted":{"minecraft:grindstone":1,"minecraft:smooth_stone":131,"minecraft:oak_planks":128,"minecraft:jungle_fence_gate":4,"minecraft:cobblestone_slab":470,"minecraft:blaze_powder":4,"minecraft:cooked_chicken":3,"minecraft:stone":6,"minecraft:snow":78,"minecraft:lever":23,"minecraft:diamond_shovel":3,"minecraft:bookshelf":40,"minecraft:cake":12,"minecraft:glass":3826,"minecraft:hopper":80,"minecraft:stone_brick_slab":66,"minecraft:repeater":42,"minecraft:diamond_helmet":5,"minecraft:diamond_leggings":4,"minecraft:iron_boots":1,"minecraft:melon_seeds":4,"minecraft:comparator":19,"minecraft:chest":178,"minecraft:rail":16,"minecraft:stone_hoe":14,"minecraft:stone_bricks":372,"minecraft:name_tag":14,"minecraft:smoker":1,"minecraft:glass_bottle":276,"minecraft:dropper":1,"minecraft:oak_slab":12,"minecraft:emerald":901,"minecraft:cooked_porkchop":24,"minecraft:diamond_axe":4,"minecraft:crafting_table":8,"minecraft:jungle_boat":15,"minecraft:iron_helmet":12,"minecraft:wooden_pickaxe":1,"minecraft:baked_potato":114,"minecraft:chainmail_chestplate":12,"minecraft:smithing_table":1,"minecraft:gold_block":62,"minecraft:fletching_table":5,"minecraft:hopper_minecart":4,"minecraft:brewing_stand":1,"minecraft:apple":48,"minecraft:tnt":11,"minecraft:stone_brick_stairs":28,"minecraft:lectern":10,"minecraft:iron_chestplate":1,"minecraft:book":8,"minecraft:paper":105,"minecraft:diamond_pickaxe":9,"minecraft:shield":4,"minecraft:stick":9468,"minecraft:stone_slab":6,"minecraft:iron_ingot":948,"minecraft:iron_pickaxe":15,"minecraft:iron_block":111,"minecraft:snow_block":58,"minecraft:gold_ingot":785,"minecraft:redstone_torch":149,"minecraft:composter":1,"minecraft:shears":1,"minecraft:jungle_sign":18,"minecraft:golden_carrot":252,"minecraft:cookie":216,"minecraft:redstone":480,"minecraft:stone_brick_wall":102,"minecraft:smooth_stone_slab":30,"minecraft:experience_bottle":24,"minecraft:furnace":26,"minecraft:blast_furnace":1,"minecraft:piston":28,"minecraft:jungle_trapdoor":62,"minecraft:bone_meal":201,"minecraft:white_carpet":21,"minecraft:glass_pane":16,"minecraft:flint_and_steel":1,"minecraft:scaffolding":240,"minecraft:lantern":12,"minecraft:iron_axe":19,"minecraft:ladder":288,"minecraft:iron_hoe":1,"minecraft:ender_pearl":23,"minecraft:stone_pickaxe":5,"minecraft:diamond_boots":4,"minecraft:redstone_block":51,"minecraft:jungle_fence":750,"minecraft:minecart":104,"minecraft:wheat":90,"minecraft:cooked_beef":12,"minecraft:sugar":14,"minecraft:crossbow":1,"minecraft:diamond_sword":4,"minecraft:enchanting_table":1,"minecraft:iron_sword":2,"minecraft:bell":1,"minecraft:bucket":29,"minecraft:stone_axe":1,"minecraft:glowstone":24,"minecraft:enchanted_book":23,"minecraft:jungle_slab":42,"minecraft:air":0,"minecraft:bread":142,"minecraft:jungle_planks":7648,"minecraft:oak_fence_gate":6,"minecraft:oak_boat":1,"minecraft:white_wool":3,"minecraft:golden_apple":16,"minecraft:gold_nugget":674,"minecraft:fermented_spider_eye":5,"minecraft:chainmail_boots":12,"minecraft:wooden_axe":1,"minecraft:iron_shovel":4,"minecraft:iron_leggings":1,"minecraft:anvil":2,"minecraft:white_bed":4,"minecraft:torch":488,"minecraft:lapis_lazuli":60,"minecraft:lapis_block":7,"minecraft:diamond_chestplate":4}},"DataVersion":3465}